Vendor,Week30,Week31,Week32,Week33,Week34,Weight_sum
Xiaomi,9465.75,5695.200000000001,5561.55,5780.7,4852.599999999999,31355.8
