Vendor,Week30,Week31,Week32,Week33,Week34,Weight_sum
Samsung,3637.5,2748.8,942.65,1346.4,7050.9,15726.25
Xiaomi,2654.25,2654.4,1076.1,2025.9,4029.8999999999996,12440.55
OPPO,987.0,1144.0,708.9,1157.4,2607.75,6605.05
Vivo,345.75,355.20000000000005,155.54999999999998,425.7,533.9,1816.1
Realme,294.0,305.6,175.95,340.2,674.5,1790.25
Huawei,282.75,284.0,128.35,360.0,418.95,1474.0500000000002
Others,186.0,224.0,147.04999999999998,289.8,483.54999999999995,1330.3999999999999
